DoB,DoT,SEX,BMI,BP,TC,BSL,FDR,Target
26/07/1980,18/10/2024,Male,25.4,95,3,83,0,25
21/01/1975,6/01/2024,Male,25.6,76,3,78,1,31
10/02/1983,1/02/2024,Male,20.5,80,2,75,1,37
1/04/1985,9/05/2024,Female,21.2,90,3,98,1,39
17/02/1964,25/03/2024,Male,25.6,78,2,87,0,39
14/01/1976,24/02/2024,Male,22.8,101,2,97,0,40
28/06/1978,24/07/2024,Female,23.5,87,4,98,0,42
20/04/1990,10/05/2024,Female,22.6,75,3,108,0,42
6/07/1981,23/11/2024,Male,21.3,79,3,90,1,42
27/05/1999,26/09/2024,Female,23.5,88,3,83,0,43
8/03/1973,5/03/2024,Female,26.2,101,3,88,1,44
28/03/1990,28/05/2024,Female,20.6,98,2,92,0,45
10/02/1969,12/03/2024,Female,24.5,84,3,87,1,47
3/06/1971,16/11/2024,Female,22.1,98,4,81,0,47
8/05/1976,26/08/2024,Male,19.9,91,3,101,2,48
18/05/1981,20/08/2024,Male,26.8,123,3,94,0,48
9/01/1991,18/01/2024,Male,19.5,80,2,80,1,48
15/05/1999,14/08/2024,Female,24.3,95,3,87,0,49
24/06/1975,22/08/2024,Male,19.8,88,3,93,1,49
9/03/1971,8/03/2024,Male,26.5,97,3,99,0,49
14/04/1972,13/08/2024,Male,23,107,4.21,93,0,50
26/06/1972,21/08/2024,Female,24.3,86,5,91,0,51
10/06/1998,20/07/2024,Male,18.8,83,3,69,2,51
6/02/1977,23/03/2024,Female,26.5,70,3,70,0,51
8/07/1987,13/09/2024,Male,30.2,87,4.15,87,0,52
23/01/1983,1/01/2024,Female,25.7,83,3,85,0,52
13/03/1980,25/03/2024,Male,23.1,87,3,72,2,52
23/07/1971,1/10/2024,Male,28.8,111.67,3.15,85,0,52
20/05/1968,8/07/2024,Female,23.1,104,4,79,0,53
23/07/1969,23/10/2024,Female,23.4,83,4,96,1,53
22/04/1978,19/05/2024,Male,20.6,73,3,80,0,53
12/04/1983,24/05/2024,Female,24.9,86,3,94,1,53
22/08/1977,15/12/2024,Female,23.3,90,4,73,2,54
16/04/2003,15/06/2024,Male,20.1,63,3,89,1,55
20/07/1995,17/11/2024,Female,19.4,83,4,83,2,55
19/05/1969,1/08/2024,Female,23.5,93,4,83,1,55
3/06/1990,3/06/2024,Male,33,73,3.49,92,0,55
8/06/1988,5/12/2024,Male,19.6,71,3,92,1,57
8/06/1988,5/12/2024,Male,19.6,71,3,92,2,57
17/05/1989,27/05/2024,Female,24.1,94.67,4.84,94,1,58
23/11/1982,16/12/2024,Male,20.3,71,2,81,1,59
26/07/1990,21/09/2024,Male,25.5,93,4,88,2,59
19/04/1970,24/05/2024,Male,26.8,87,3,80,1,59
21/04/1987,28/06/2024,Male,20.2,81,3,88,2,59
14/02/1984,11/02/2024,Male,26.9,92,3,81,2,60
19/05/1986,25/08/2024,Male,21.3,72,2,90,0,60
15/03/1996,22/03/2024,Female,25.5,99,4,94,0,60
17/10/1992,1/12/2024,Female,25.4,90.33,4.5,83,0,61
24/10/1995,26/11/2024,Male,26,83,2,83,1,61
4/10/1958,18/11/2024,Female,26.2,114,4.55,92,1,63
25/06/1983,4/07/2024,Female,21.2,102,3,79,0,63
17/02/1970,25/02/2024,Male,21,78,3,73,2,63
23/07/1982,22/09/2024,Male,19.9,76,3,79,1,63
28/05/1962,27/09/2024,Male,22.4,79,4,76,0,64
4/04/1985,12/05/2024,Male,20.9,95,2,95,2,64
19/04/1979,12/05/2024,Male,24.2,83,4,82,2,64
21/03/1971,16/04/2024,Male,20.5,78,3,75,2,65
21/03/1975,16/03/2024,Male,22.7,65.33,2.71,60,0,65
21/05/1967,12/05/2024,Male,23.3,88,2,78,1,65
5/07/1976,23/10/2024,Female,24.1,110,4,100,0,65
27/04/1971,11/04/2024,Male,24.1,105,4,95,0,66
10/09/1956,4/10/2024,Female,23.5,138,3,91,0,66
16/04/1968,26/04/2024,Male,27,105,5,94,2,67
26/06/1985,28/06/2024,Female,26.9,93,3,99,2,67
18/03/1989,8/03/2024,Male,21.1,82,3,95,0,68
10/06/1999,7/09/2024,Male,26,92,3,88,2,68
2/06/1996,28/10/2024,Female,31.5,83,6,83,2,68
2/04/1968,22/06/2024,Female,28,85,6,77,2,69
2/10/1966,14/12/2024,Female,23.6,96,4,82,2,69
26/07/1996,14/07/2024,Male,22.1,82,3,86,1,69
12/10/1991,17/11/2024,Female,20.8,84,3,66,0,70
25/08/1950,10/12/2024,Male,29.8,101,3,86,2,70
6/07/1957,8/12/2024,Female,24,83,3,94,1,71
11/05/1964,3/07/2024,Female,22.3,113,4,94,2,71
4/09/2004,14/11/2024,Female,24.2,88,3,74,0,71
3/03/1999,11/03/2024,Female,22.6,85,3,81,1,71
21/07/1983,19/12/2024,Female,24.2,90,4,86,1,71
7/10/1982,1/12/2024,Male,22.1,85,4,94,2,72
8/08/1960,9/11/2024,Male,20,74.67,3.05,91,1,72
12/10/1992,20/11/2024,Female,22,88,3,78,1,72
26/04/1970,3/06/2024,Male,22.6,90,3,92,1,72
22/01/1991,18/01/2024,Male,18.9,70,3,58,0,72
1/09/1983,19/10/2024,Male,20.8,86,3,89,2,72
13/09/1957,11/11/2024,Male,26.7,105,3,96,0,73
9/06/1981,28/09/2024,Male,22.1,66,3,80,0,74
6/01/1985,21/01/2024,Female,24,89.67,3.65,101,1,74
4/03/1976,10/04/2024,Male,21.6,87,3,69,0,75
20/02/1957,20/02/2024,Female,22.5,98,3,86,0,75
11/01/1965,25/01/2024,Female,24.7,114,5,88,2,77
18/04/1983,17/08/2024,Male,20.2,62,3,89,2,77
13/06/2004,25/07/2024,Female,22.1,87,3,78,2,77
16/01/1972,14/01/2024,Female,19.7,81,2,82,0,77
28/04/1969,7/04/2024,Female,22.7,93,3,75,1,78
17/09/1964,14/10/2024,Male,23.4,76.67,3.8,77,0,78
26/07/1986,2/11/2024,Male,32.6,77,4,96,0,78
11/04/1976,20/05/2024,Male,20.2,95,4,85,2,79
21/01/1956,15/01/2024,Female,24.8,101,4,87,1,80
1/02/1965,19/04/2024,Female,25.5,95.33,5.43,117,2,81
2/05/1964,7/09/2024,Male,25.6,87,3,84,0,81
11/06/1976,22/06/2024,Male,20.4,98,5,78,0,83
16/02/1987,18/03/2024,Female,21.4,83,3,84,2,83
17/07/1965,9/10/2024,Female,25.1,90,4,91,1,83
18/06/1974,13/10/2024,Female,29.6,94.33,9.09,109,2,84
28/05/1976,15/07/2024,Female,23.3,89.33,4.61,98,1,84
27/03/1973,11/06/2024,Male,24.3,85.33,2.15,82,1,84
20/04/1973,21/04/2024,Male,24.1,87,4,93,0,84
11/07/1982,27/09/2024,Male,31.9,83,3,101,2,85
19/02/1972,24/02/2024,Female,26.6,111,3,109,0,85
21/06/2001,20/07/2024,Male,18.8,78,2,86,2,85
6/01/1990,7/02/2024,Female,30,83,3,92,2,85
8/01/1994,15/01/2024,Male,20.9,104,3,97,2,86
9/08/1967,15/12/2024,Male,21.7,94,2,92,0,87
26/09/1973,16/12/2024,Male,23.4,87,2,82,0,87
18/07/1975,25/11/2024,Male,26,93,3,88,2,88
10/09/1965,4/11/2024,Female,23.6,73,4,84,0,88
19/07/1975,14/10/2024,Female,21,82,5,74,0,88
6/07/1974,11/07/2024,Female,23.7,92,3,93,1,88
18/02/1954,2/03/2024,Female,24.1,82.33,6.26,105,2,89
11/04/1957,6/08/2024,Male,20.7,83,3,77,0,89
11/07/1976,6/08/2024,Female,27.7,73,4,92,1,90
21/05/1997,20/07/2024,Male,24.8,91,3,69,0,90
13/05/1964,19/07/2024,Male,22.2,104.67,3.68,93,0,90
11/05/1957,8/08/2024,Male,29.8,80,3,82,0,90
11/03/1981,8/03/2024,Male,18.5,87,2.67,80,2,90
3/02/1960,12/02/2024,Female,23.5,97,3,77,0,91
25/03/1974,18/05/2024,Male,31.9,78.33,5.45,84,0,91
4/09/1970,17/10/2024,Female,25.2,115,5,92,2,91
21/08/1973,11/11/2024,Female,22.7,103,7,80,1,91
21/09/1970,23/11/2024,Male,24.2,74,2,109,2,92
27/11/1975,14/12/2024,Female,25.9,91,3,75,1,92
13/02/1988,6/02/2024,Male,22.8,87,4,82,1,93
26/03/1971,15/03/2024,Male,22.2,78,2,101,1,93
12/04/1977,8/04/2024,Female,25.3,98,4,108,0,94
17/06/2001,9/10/2024,Female,18,78,4,92,2,94
18/08/1987,20/09/2024,Male,23.3,88,3.4,82,2,94
24/06/1983,4/11/2024,Male,32.4,94,3,76,0,95
11/03/1968,15/04/2024,Male,25.7,80,4,95,1,95
9/06/1989,19/06/2024,Male,20.4,65,2.79,78,1,96
13/06/1992,7/06/2024,Female,27.8,89,4,91,2,96
12/05/1979,2/05/2024,Male,20.3,74.33,3.88,79,1,96
10/01/1974,5/01/2024,Male,21.9,91,3,77,1,96
14/05/2001,26/09/2024,Male,22.6,89,2,68,2,97
13/08/1986,2/12/2024,Male,25.4,84,4,87,0,97
18/02/1964,22/03/2024,Female,25,89.67,4.02,92,0,97
3/04/1973,26/08/2024,Male,24.5,79,3,91,0,97
2/03/1972,10/06/2024,Male,24,83,2,94,0,98
4/03/2000,26/04/2024,Male,20.7,87,2,78,0,99
2/05/1984,8/05/2024,Male,30.7,99,4,85,2,99
25/03/1974,13/05/2024,Female,25.6,101,5,114,2,100
15/05/2002,6/05/2024,Male,18.6,97,2,83,2,101
13/02/1993,14/04/2024,Female,19,93,3,78,2,101
10/05/1996,22/07/2024,Female,24.7,97,5,87,2,101
19/07/1962,7/10/2024,Female,23.5,80.33,2.62,96,1,102
16/02/1971,28/02/2024,Female,22.2,113,3,100,0,102
5/05/1957,14/05/2024,Female,23,70,5,99,0,102
1/03/1996,14/03/2024,Male,30.4,85,3,80,0,103
9/02/1962,15/02/2024,Male,22.5,125,2,95,2,103
5/05/1978,10/07/2024,Male,24.9,115,4,103,2,104
8/03/1964,19/04/2024,Female,23.4,88,3,95,2,104
10/06/1995,16/08/2024,Female,18.1,73,4,78,1,104
10/01/1977,20/01/2024,Female,24.9,75,5,102,1,104
28/08/1971,25/09/2024,Female,24.4,92,4,97,1,107
23/03/1986,22/04/2024,Female,26.8,105,5,91,1,107
7/03/1957,14/04/2024,Female,23.6,111.33,2.7,93,0,108
10/08/1966,18/12/2024,Female,26.2,91,3,68,2,109
9/08/1977,28/09/2024,Male,32.4,105,4.09,99,0,109
3/06/1951,27/08/2024,Male,27,102,3,99,1,109
27/09/1990,23/12/2024,Male,21.2,84,5,92,0,109
25/07/1964,7/07/2024,,32.1,83,4,94,2,110
16/01/1961,5/01/2024,Female,24.1,111,4,82,0,110
22/06/1972,3/08/2024,Female,24.5,94,5,89,1,111
16/05/1988,28/09/2024,Male,21.9,89,3,96,0,111
1/03/1975,27/03/2024,Girl,27.4,89,5,97,0,111
9/07/2004,23/09/2024,Male,22.9,87,4,85,2,113
28/04/1981,5/06/2024,Male,28.1,121,3,93,0,113
1/03/1990,23/04/2024,Male,26.3,87,3,96,0,113
21/05/1975,27/07/2024,Male,22.1,85,2.19,72,2,114
19/10/1990,1/12/2024,Male,20.6,87,3,74,1,115
19/03/1959,4/05/2024,Male,26.3,70,5,98,2,115
13/05/1973,24/07/2024,Female,25.9,76,6,96,0,116
22/04/1996,8/07/2024,Female,19.2,81,3,87,0,116
8/01/1963,10/01/2024,Male,24,91,3,73,1,118
21/03/1964,3/05/2024,Female,27.7,107,4,95,0,118
12/05/1987,5/05/2024,Female,23.6,94,4,107,2,118
27/01/1967,17/02/2024,Female,23.2,107.33,5.63,112,2,120
11/07/1977,26/07/2024,Male,28.6,97,3,88,1,121
23/06/1976,27/09/2024,Male,32.7,93,6.42,91,2,121
8/02/1968,2/02/2024,Female,28.7,99,5,97,1,122
3/05/1982,6/10/2024,Male,29.2,93,6,92,1,122
12/04/1980,4/04/2024,Female,26.6,99,5,111,2,123
14/06/1957,23/12/2024,Female,25,111.67,4.42,103,1,124
21/03/1978,27/04/2024,Female,22.7,83,6,75,2,124
7/07/1983,11/09/2024,Male,23.1,86,3,60,2,125
8/02/1989,15/02/2024,Female,25.9,81,6,82,2,126
13/03/1957,2/03/2024,Male,22.8,87,3,92,2,127
24/01/1965,9/01/2024,Female,27.2,107,4,93,0,127
9/05/1987,26/05/2024,Male,21.8,84,3,93,1,128
3/06/1985,2/10/2024,Male,22.9,77,4,74,2,128
23/09/1971,7/10/2024,Male,28,88,4,91,2,128
6/03/1991,24/04/2024,Male,35,89,4.76,101,0,128
16/02/1992,12/02/2024,Male,30.5,89,3,89,2,129
16/06/1962,6/09/2024,Female,26.7,115,5,100,2,129
2/08/1969,16/10/2024,Female,22.9,81,3,88,0,129
15/03/1961,18/03/2024,Male,24.4,73,3,78,1,131
26/04/1971,5/06/2024,Female,33.1,117,4,106,2,131
19/06/1963,3/12/2024,Female,25.6,85,5,98,2,131
26/05/1953,15/05/2024,Female,27,93.33,6.56,93,0,131
26/08/1962,23/10/2024,Male,32,88,4,100,0,132
22/01/1964,25/01/2024,Female,24.9,99.67,3.77,95,1,132
4/10/1963,23/11/2024,Male,25.8,98,3,82,2,134
22/04/2002,4/05/2024,Male,19.3,82,3,71,0,134
14/07/1974,14/11/2024,Male,23,101,4,80,2,135
12/09/1979,4/10/2024,Female,21.2,94,3,102,1,135
17/04/1974,14/06/2024,Male,31.8,82,2,85,1,136
13/06/2005,20/10/2024,Male,19.2,87,2,90,0,137
7/06/1998,17/07/2024,Female,30.3,89,7,82,2,137
22/05/1988,2/09/2024,Female,22,90,3,82,2,138
17/08/1963,13/12/2024,Female,26.9,111,6,89,2,138
17/02/1953,21/03/2024,Female,26.1,85,5,91,1,139
26/06/1974,18/08/2024,Female,28,104,6,95,1,139
26/07/2005,11/11/2024,Male,23.2,75,3,72,2,140
24/06/1968,1/07/2024,Male,35,79.33,4.64,96,2,140
24/06/1952,8/10/2024,Female,30.5,93,4,85,1,141
5/07/1963,28/08/2024,Male,33,95,3,74,0,141
21/10/1974,6/12/2024,Male,26.1,109,4,89,2,141
7/04/1997,5/05/2024,Male,19.6,78,3,71,2,142
8/06/1987,5/09/2024,Female,27.7,93,6,88,2,142
3/02/1990,18/02/2024,Male,31.4,87,3,77,2,142
2/03/1978,20/03/2024,Female,26.5,94,4,111,1,142
28/07/1956,5/07/2024,Male,27.5,107,4,90,0,143
26/05/1994,17/06/2024,Male,21.3,87,2,66,2,143
5/09/1987,3/11/2024,Female,26.8,79,6,96,1,144
4/03/1968,4/03/2024,Male,31,78.67,5.5,90,1,144
17/04/1996,7/04/2024,Male,24.2,93,3,84,2,144
22/06/1966,18/06/2024,Female,29,85,4,86,0,145
23/03/1969,9/04/2024,Male,23,94.67,5,106,1,146
18/01/1982,6/01/2024,Male,30.1,91,4,82,1,147
18/02/1967,12/02/2024,Male,24.5,93,3,91,0,148
24/07/1978,11/11/2024,Female,24.7,85,6,96,2,150
18/09/1960,16/11/2024,Female,27.3,109,5,99,1,150
6/04/2003,13/07/2024,Male,24.2,76,3,79,0,150
19/04/1953,9/06/2024,Male,29.5,97,5,108,1,150
7/03/1965,4/03/2024,Female,32.1,101,4,87,0,151
7/03/1971,26/05/2024,Female,27.3,82,3,93,2,151
8/09/1982,4/11/2024,Male,24.9,91,5,89,0,151
18/06/1976,2/06/2024,Male,23.9,109,6,96,1,152
7/08/1997,26/10/2024,Male,22.6,71,2,79,2,152
22/05/1975,24/06/2024,Male,20.3,93,3,93,1,153
16/03/1973,27/04/2024,Male,23.5,101,4,94,2,154
1/05/1966,25/10/2024,Male,25.7,99,3,93,1,155
20/06/1967,4/07/2024,Male,30.1,117,5,120,0,155
3/07/1964,10/09/2024,Female,24.3,103,4,78,0,156
13/05/2002,9/06/2024,Male,19.9,75,3,72,1,158
21/07/1960,15/07/2024,Male,21,92.33,3.49,102,0,158
1/03/1965,15/04/2024,Female,23.6,83,4,92,1,160
19/06/1990,15/08/2024,Male,25.2,77,4,79,1,160
27/09/1977,20/12/2024,Female,25.6,94,4,93,2,161
4/05/1995,26/07/2024,Male,21,71,4,90,0,162
12/06/1988,15/08/2024,Female,24.1,112,6,95,1,163
21/07/1959,20/07/2024,Female,31.3,110,5,91,2,163
23/06/1963,14/12/2024,Male,31.2,79,5,96,1,164
16/01/1968,12/01/2024,Female,25.8,103,5,99,1,164
20/04/1977,7/08/2024,Male,30.3,109,3,98,0,166
22/02/1978,28/02/2024,Male,29.9,83,4.5,98,2,167
2/03/1983,13/05/2024,Male,24.7,83,3,78,3,168
4/08/1996,19/09/2024,Male,25.4,93,3,91,1,168
27/04/1945,24/05/2024,Female,23.3,88,6,102,0,168
12/02/1964,9/02/2024,Male,20.4,105,2,79,0,170
28/04/1958,15/05/2024,Female,24,98,4,96,2,170
23/07/1984,22/11/2024,Female,29,115,2.77,95,1,170
1/10/1990,19/11/2024,Female,24.7,118,7,81,2,171
22/07/1990,23/09/2024,Male,29.2,73,4,91,1,172
28/01/1957,3/01/2024,Female,23.5,96,5,111,0,172
18/04/1958,25/07/2024,Male,28,101,5,94,2,173
25/06/1973,23/06/2024,Male,31.5,93,4.7,117,0,173
10/10/1967,21/10/2024,Female,30.7,90,6,93,2,174
1/06/1977,16/12/2024,Male,27.2,80,6,92,2,174
5/07/1982,2/08/2024,Male,30.6,121,3,89,0,175
7/07/1967,11/11/2024,Female,25.6,96,3.85,105,1,177
28/09/1971,1/11/2024,Male,22.1,93,3,96,0,178
10/06/1984,13/07/2024,Female,31.9,95,5,93,2,178
9/01/1977,5/01/2024,Female,22.5,82,3,89,1,178
25/07/1960,15/08/2024,Female,28.4,111,4,97,0,178
18/07/1964,20/12/2024,Female,28.2,112,4,93,2,178
7/06/1971,23/06/2024,Male,23.7,92,3,81,2,179
25/01/1991,6/02/2024,Female,25.4,102,5,105,0,179
8/05/1962,21/10/2024,Female,33.9,101,6,103,2,180
11/07/1949,14/10/2024,Male,30.1,78,5.05,97,1,180
8/03/1980,22/04/2024,Male,21.5,85,3,84,2,181
12/03/1990,11/04/2024,Female,25.3,111,6,90,1,181
25/03/1989,28/03/2024,Male,28.7,97,3,93,1,182
24/01/1972,12/02/2024,Male,27,78.33,3.05,69,0,182
1/07/1964,18/08/2024,Male,25.7,103,2,97,0,182
13/06/1978,25/08/2024,Male,21.1,80,5,87,0,183
15/03/1993,13/04/2024,Male,29.7,88,4,78,1,184
28/07/1974,16/12/2024,Female,26.2,97,4,88,2,185
15/02/1963,24/03/2024,Female,23.1,113,4,105,1,185
23/04/2000,13/06/2024,Male,22.5,89,3,84,1,185
25/08/1983,27/09/2024,Female,32,109,5,103,2,186
13/07/1992,8/11/2024,Female,31.4,89,3,90,2,187
2/01/1958,12/01/2024,Male,21.7,141,4.71,101,2,189
26/06/1991,16/06/2024,Male,25.3,85,3,70,2,190
2/04/1970,18/06/2024,Male,23.2,110.67,4.96,108,2,190
22/06/1973,5/07/2024,Male,27.7,99,3,77,2,191
1/09/1970,19/10/2024,Male,26.8,108,3,106,2,191
18/01/1976,21/01/2024,Male,31.4,75.33,6.37,103,1,192
27/09/1977,25/11/2024,Male,30.4,120,4,87,2,195
24/02/1953,3/02/2024,Female,26.5,105,5,84,1,196
5/06/1975,1/12/2024,Female,28.8,92,5,92,1,196
4/05/1957,18/07/2024,Female,28.3,93,4,92,0,197
5/05/1961,1/10/2024,Female,25.5,109,5,87,2,197
27/08/1959,20/12/2024,Female,30.2,98,5,84,0,198
12/08/1972,21/11/2024,Male,29.5,104.33,4.31,98,1,198
24/10/1961,10/11/2024,Male,26,85.67,3.37,97,1,198
7/06/1953,28/09/2024,Female,24,84,4,90,2,199
13/05/2002,20/07/2024,Male,23,73,3,91,0,200
5/06/1971,3/10/2024,Male,22,94,3,98,2,200
26/01/1989,8/01/2024,Male,26.8,98,4,86,2,200
23/06/1965,23/10/2024,Female,24.1,96,3,85,0,200
11/05/1995,2/09/2024,Male,35,98.33,4.08,91,1,200
22/01/2005,1/01/2024,Male,25.3,83,5,84,1,200
21/08/1988,1/09/2024,Male,27.8,51,4,73,2,201
9/05/1994,18/05/2024,Female,25.2,83,5,83,2,202
15/06/1958,25/07/2024,Female,26,91,4,87,2,202
12/04/1973,26/05/2024,Male,30.6,103,3,100,1,202
1/04/1974,19/06/2024,Female,29.2,119,3,95,2,202
19/03/2000,2/04/2024,Male,25.3,84,5,89,2,206
23/04/1966,27/06/2024,Male,22.8,91,4,115,0,206
17/05/1967,9/06/2024,Female,29.4,109,5,92,2,208
19/03/1978,5/03/2024,Female,23.8,97,5,81,2,209
8/11/1986,18/12/2024,Male,27.3,81,3,81,1,210
19/07/1965,11/11/2024,Female,27.9,101,6,95,0,212
26/09/1963,22/12/2024,Male,24.6,101,3,88,2,214
3/02/1987,17/02/2024,Male,20.3,83,5,88,1,214
22/04/1993,25/04/2024,Male,23.3,85,4,77,1,214
17/06/1979,23/10/2024,Male,32,110,5,93,1,215
16/05/1980,5/08/2024,Male,25.1,133,3,84,2,216
20/02/1988,17/02/2024,Female,32.3,115,7,112,1,217
21/03/1963,11/05/2024,Female,26.1,126,4,96,2,217
10/01/1963,5/01/2024,Male,25.8,90,5,90,1,219
22/05/1969,21/08/2024,Female,24.6,109,3,88,1,219
28/04/1956,11/06/2024,Male,32.8,105.67,5.13,117,1,220
1/06/1986,18/07/2024,Female,33,78,6.02,108,2,220
17/03/1971,25/03/2024,Female,27.7,95,5,101,1,220
10/01/1988,1/01/2024,Male,30,95,4.79,85,0,220
5/05/1992,19/09/2024,Female,31,100,4,77,0,221
28/03/1976,21/03/2024,Female,29.2,110,6,98,0,222
14/06/1959,15/10/2024,Female,27.9,103,4,86,3,225
21/02/1962,21/02/2024,Male,28.9,87.33,6.24,99,2,225
13/09/1984,28/10/2024,Female,26.5,93,7,92,1,229
26/04/1956,28/04/2024,Male,25.9,93,5,98,1,230
10/08/1949,10/12/2024,Male,31.2,117.67,7.9,106,0,230
5/07/1970,23/11/2024,Female,30.6,103.33,4.8,101,0,232
7/03/1959,23/03/2024,Female,28.5,109,4,96,2,232
1/03/1972,22/03/2024,Male,24.5,90,7,86,1,233
2/09/1988,24/12/2024,Female,39.1,90,6,103,0,233
21/10/1997,5/11/2024,Female,33.6,110,4,89,2,233
6/05/1964,6/09/2024,Female,27.5,106,4,91,0,235
26/05/1970,24/07/2024,Female,27.3,100,6,76,1,235
4/07/1955,10/12/2024,Male,29.6,122,4,86,0,236
27/09/1963,28/12/2024,Female,28.2,106,4,96,0,237
6/04/1955,12/04/2024,Male,37,103,4,90,2,237
14/02/1955,6/02/2024,Female,24.5,108,6,100,1,241
5/05/1969,20/06/2024,Female,32.1,112.67,8.28,111,0,242
6/02/1978,20/02/2024,Female,42.2,99,5,99,2,242
8/07/1972,4/08/2024,Male,27.8,85,4,75,2,242
21/02/1990,1/03/2024,Female,35.5,120,7,101,0,243
28/08/1983,17/10/2024,Female,32,126,4,124,1,243
18/06/1973,13/08/2024,Female,29.2,107,6,95,3,244
21/07/1963,3/09/2024,Female,32,103.67,6,124,2,245
28/03/1971,2/03/2024,Female,26.6,93,5,82,1,245
13/07/1999,18/11/2024,Male,28.3,87,4,92,0,246
12/05/1963,3/06/2024,Male,30,108,3.73,105,1,246
21/11/1972,24/12/2024,Female,29.7,109,8,103,2,248
22/07/1955,23/11/2024,Male,28.1,113,4,77,1,248
5/07/1956,14/12/2024,Female,25.7,109,7,105,2,248
12/03/1967,2/04/2024,Male,26.9,98,7,96,1,249
15/05/1976,8/08/2024,Female,33,123,6,97,2,252
10/08/1974,28/12/2024,Male,21,88,4,71,1,252
8/06/1982,22/06/2024,Female,24,107,3,96,2,252
20/09/1964,22/12/2024,Female,22.8,110,6,88,3,253
13/04/1966,22/05/2024,Female,25.5,112,6,86,0,257
9/06/1983,26/10/2024,Male,33.8,123.33,4.16,100,2,257
21/01/1969,13/01/2024,Male,36.6,113,4.63,97,2,258
12/05/1987,20/08/2024,Male,30.8,112,7,101,0,258
14/09/1992,18/10/2024,Male,26.5,86,4,78,2,258
5/06/1963,22/08/2024,Female,32.7,97,6,87,2,259
13/06/1987,9/06/2024,Male,38.3,113,3,79,0,259
9/04/1972,2/06/2024,Female,26.4,91.33,5.59,99,1,259
12/05/1955,23/05/2024,Male,34.3,113,4,112,1,261
4/04/1969,6/06/2024,Male,28.2,91,4,103,1,262
24/06/1975,8/09/2024,Female,25.8,89,5,115,2,262
13/03/1968,8/03/2024,Female,35.1,123,4,117,1,263
14/01/1967,26/02/2024,Female,31.9,111,4,87,2,263
6/04/1958,19/06/2024,Female,34.6,115,6,109,1,264
17/08/1972,22/09/2024,Male,28.5,110,3,85,2,265
21/03/1971,11/04/2024,Male,28.6,88,4,99,1,265
3/04/1973,14/04/2024,Female,28.1,106,4,87,1,265
27/08/1973,18/12/2024,Male,27.9,96,5,120,1,268
25/05/1975,6/10/2024,Female,31.9,94,7,122,1,268
2/04/1976,14/07/2024,Male,29.5,131,4,106,0,270
27/02/1967,17/02/2024,Male,36.1,117,5,100,1,270
28/03/1977,1/03/2024,Male,31.6,84,5.1,105,1,272
8/02/1982,26/03/2024,Female,30.6,101,5,106,0,272
12/03/1966,24/04/2024,Male,28.1,111,6,93,2,273
24/08/1993,20/09/2024,Female,35.3,125,4,109,1,274
23/04/1962,4/04/2024,Female,31.8,115,5,98,2,275
28/04/1962,4/07/2024,Female,33.3,114,5,96,1,275
21/07/1971,28/09/2024,Male,33.2,82.67,4.04,102,1,275
25/02/1981,28/03/2024,Male,35.4,93,4,101,0,275
16/07/1978,27/08/2024,Male,27.4,78,3,90,2,276
26/01/1945,6/01/2024,Female,27,103,5,110,1,277
2/04/1973,13/05/2024,Female,32.8,112,5,109,0,277
11/07/1983,25/12/2024,Male,34.6,87.33,5,110,1,279
7/04/1974,24/06/2024,Male,31,123,4,88,1,280
25/07/1959,15/11/2024,Male,24.4,120,6,124,1,281
28/01/1969,22/01/2024,Male,32.1,110,4,90,2,281
2/05/1971,26/05/2024,Male,28.3,101,4,101,2,281
22/06/1962,14/09/2024,Female,37.8,119,4,84,1,281
2/02/1957,19/02/2024,Female,25.8,113,2,104,2,283
11/09/1972,13/11/2024,Male,28.8,113,4,86,1,283
9/09/1969,26/10/2024,Male,32.9,102,4,89,1,288
20/02/1985,8/02/2024,Female,26.3,115,7,109,0,292
11/02/1973,22/03/2024,Male,25.2,103,5,90,1,292
18/09/1980,8/10/2024,Male,31.4,115,3,89,1,293
6/02/1964,17/04/2024,Female,33,97,5,112,2,295
18/01/1955,14/01/2024,Male,29.3,124,4,102,2,296
3/09/1970,22/10/2024,Female,27.7,113,5,113,1,297
4/07/2001,21/10/2024,Male,29,90,3,91,2,302
17/02/1957,21/03/2024,Male,31.6,116,4,100,1,303
1/03/1981,6/04/2024,Male,34.3,84,8,104,1,306
28/04/1980,3/04/2024,Female,38.2,123,5,92,0,308
26/07/1995,25/07/2024,Male,30,85,4,88,2,310
28/04/1967,25/07/2024,Female,31.6,117,6,113,0,310
11/07/1962,20/07/2024,Female,34.6,120,5,123,1,310
10/06/1965,15/07/2024,Female,26.9,104,5,106,2,311
7/04/1983,6/05/2024,Male,30.8,81,7.6,123,1,317
13/04/1970,2/06/2024,Female,36.1,115,4,101,2,321
11/02/1959,7/02/2024,Female,33.5,102,5,102,1,332
9/06/1966,10/09/2024,Female,36.7,117,4,109,1,336
26/08/1966,27/11/2024,Female,38,103,7,98,2,341
19/08/1989,4/08/2024,Male,41.3,81,5,94,3,346
13/04/2024,7/04/2024,Female,27.5,111,5,91,0,
